{"cameraMode":{"drawMode":0,"name":"Shaded","section":"Shading Mode"},"sceneLighting":false,"audioPlay":false,"sceneViewState":{"m_AlwaysRefresh":false,"showFog":true,"showSkybox":false,"showFlares":true,"showImageEffects":true,"showParticleSystems":true,"showVisualEffectGraphs":true,"m_FxEnabled":true},"in2DMode":false,"pivot":{"x":227.1876678466797,"y":1726.2431640625,"z":318.75006103515627},"rotation":{"x":0.10690852999687195,"y":0.08115435391664505,"z":0.0025508238468319179,"w":0.9906349778175354},"size":209.1082763671875,"orthographic":true}