{"cameraMode":{"drawMode":0,"name":"Shaded","section":"Shading Mode"},"sceneLighting":false,"audioPlay":false,"sceneViewState":{"m_AlwaysRefresh":false,"showFog":true,"showSkybox":false,"showFlares":true,"showImageEffects":true,"showParticleSystems":true,"showVisualEffectGraphs":true,"m_FxEnabled":true},"in2DMode":false,"pivot":{"x":641.6840209960938,"y":119.92616271972656,"z":1.9127044677734376},"rotation":{"x":0.03337747976183891,"y":0.026898745447397233,"z":0.010744993574917317,"w":0.9987502098083496},"size":115.67325592041016,"orthographic":false}