{"cameraMode":{"drawMode":0,"name":"Shaded","section":"Shading Mode"},"sceneLighting":false,"audioPlay":false,"sceneViewState":{"m_AlwaysRefresh":false,"showFog":true,"showSkybox":false,"showFlares":true,"showImageEffects":true,"showParticleSystems":true,"showVisualEffectGraphs":true,"m_FxEnabled":true},"in2DMode":false,"pivot":{"x":159.1952362060547,"y":260.88775634765627,"z":7.558412551879883},"rotation":{"x":-0.019000839442014695,"y":0.031102776527404786,"z":0.012860792689025402,"w":0.9990199208259583},"size":91.54916381835938,"orthographic":false}