{"cameraMode":{"drawMode":0,"name":"Shaded","section":"Shading Mode"},"sceneLighting":false,"audioPlay":false,"sceneViewState":{"m_AlwaysRefresh":false,"showFog":true,"showSkybox":true,"showFlares":true,"showImageEffects":true,"showParticleSystems":true,"showVisualEffectGraphs":true,"m_FxEnabled":true},"in2DMode":false,"pivot":{"x":3.0936849117279054,"y":3.914370059967041,"z":-0.7076918482780457},"rotation":{"x":-0.09581596404314041,"y":-0.36320772767066958,"z":0.03872354328632355,"w":-0.9263890385627747},"size":5.115967750549316,"orthographic":true}