{"cameraMode":{"drawMode":0,"name":"Shaded","section":"Shading Mode"},"sceneLighting":false,"audioPlay":false,"sceneViewState":{"m_AlwaysRefresh":false,"showFog":true,"showSkybox":false,"showFlares":true,"showImageEffects":true,"showParticleSystems":true,"showVisualEffectGraphs":true,"m_FxEnabled":true},"in2DMode":false,"pivot":{"x":-0.786249577999115,"y":1.170977234840393,"z":-0.01651802659034729},"rotation":{"x":0.0020505101419985296,"y":-0.9900705218315125,"z":0.14052972197532655,"w":0.0150931216776371},"size":1.4146642684936524,"orthographic":true}