{"cameraMode":{"drawMode":0,"name":"Shaded","section":"Shading Mode"},"sceneLighting":false,"audioPlay":false,"sceneViewState":{"m_AlwaysRefresh":false,"showFog":true,"showSkybox":false,"showFlares":true,"showImageEffects":true,"showParticleSystems":true,"showVisualEffectGraphs":true,"m_FxEnabled":true},"in2DMode":false,"pivot":{"x":215.64683532714845,"y":1836.107666015625,"z":44.242401123046878},"rotation":{"x":0.04484963044524193,"y":0.18183287978172303,"z":0.0029625995084643366,"w":0.9820269346237183},"size":104.70394134521485,"orthographic":true}