{"cameraMode":{"drawMode":0,"name":"Shaded","section":"Shading Mode"},"sceneLighting":false,"audioPlay":false,"sceneViewState":{"m_AlwaysRefresh":false,"showFog":true,"showSkybox":false,"showFlares":true,"showImageEffects":true,"showParticleSystems":true,"showVisualEffectGraphs":true,"m_FxEnabled":true},"in2DMode":false,"pivot":{"x":-0.07371842861175537,"y":0.8842893242835999,"z":0.5231876373291016},"rotation":{"x":-0.20804955065250398,"y":0.46195724606513979,"z":0.11109326779842377,"w":0.8553335666656494},"size":0.8660253882408142,"orthographic":true}