{"cameraMode":{"drawMode":0,"name":"Shaded","section":"Shading Mode"},"sceneLighting":false,"audioPlay":false,"sceneViewState":{"m_AlwaysRefresh":false,"showFog":false,"showSkybox":false,"showFlares":false,"showImageEffects":false,"showParticleSystems":false,"showVisualEffectGraphs":true,"m_FxEnabled":true},"in2DMode":false,"pivot":{"x":0.3767848014831543,"y":0.9920083284378052,"z":0.40955665707588198},"rotation":{"x":0.12120368331670761,"y":0.11915705353021622,"z":-0.01572451740503311,"w":0.9856423139572144},"size":2.4813413619995119,"orthographic":true}