{"cameraMode":{"drawMode":0,"name":"Shaded","section":"Shading Mode"},"sceneLighting":false,"audioPlay":false,"sceneViewState":{"m_AlwaysRefresh":false,"showFog":false,"showSkybox":false,"showFlares":false,"showImageEffects":false,"showParticleSystems":false,"showVisualEffectGraphs":true,"m_FxEnabled":true},"in2DMode":false,"pivot":{"x":0.7378480434417725,"y":1.0255520343780518,"z":-0.0123138427734375},"rotation":{"x":0.17062611877918244,"y":0.1962396651506424,"z":-0.034674275666475299,"w":0.9650232195854187},"size":0.19968533515930177,"orthographic":true}