{"cameraMode":{"drawMode":0,"name":"Shaded","section":"Shading Mode"},"sceneLighting":false,"audioPlay":false,"sceneViewState":{"m_AlwaysRefresh":false,"showFog":true,"showSkybox":false,"showFlares":true,"showImageEffects":true,"showParticleSystems":true,"showVisualEffectGraphs":true,"m_FxEnabled":true},"in2DMode":false,"pivot":{"x":4.5006585121154789,"y":0.9327214360237122,"z":-0.018137812614440919},"rotation":{"x":0.4891030192375183,"y":0.06281905621290207,"z":-0.03528882935643196,"w":0.8692886829376221},"size":2.055838108062744,"orthographic":true}