{"cameraMode":{"drawMode":0,"name":"Shaded","section":"Shading Mode"},"sceneLighting":false,"audioPlay":false,"sceneViewState":{"m_AlwaysRefresh":false,"showFog":true,"showSkybox":false,"showFlares":true,"showImageEffects":true,"showParticleSystems":true,"showVisualEffectGraphs":true,"m_FxEnabled":true},"in2DMode":false,"pivot":{"x":0.027512192726135255,"y":0.5164999961853027,"z":-0.0828324556350708},"rotation":{"x":-0.09529145061969757,"y":-0.8804681301116943,"z":0.1641421765089035,"w":-0.43393412232398989},"size":1.7643952369689942,"orthographic":false}