{"cameraMode":{"drawMode":0,"name":"Shaded","section":"Shading Mode"},"sceneLighting":false,"audioPlay":false,"sceneViewState":{"m_AlwaysRefresh":false,"showFog":true,"showSkybox":false,"showFlares":true,"showImageEffects":true,"showParticleSystems":true,"showVisualEffectGraphs":true,"m_FxEnabled":true},"in2DMode":false,"pivot":{"x":-0.03858464956283569,"y":0.8932619094848633,"z":0.4857105612754822},"rotation":{"x":-0.011689429171383381,"y":-0.9989670515060425,"z":-0.012483051046729088,"w":0.036262962967157367},"size":1.7658652067184449,"orthographic":true}