{"cameraMode":{"drawMode":0,"name":"Shaded","section":"Shading Mode"},"sceneLighting":false,"audioPlay":false,"sceneViewState":{"m_AlwaysRefresh":false,"showFog":true,"showSkybox":false,"showFlares":true,"showImageEffects":true,"showParticleSystems":true,"showVisualEffectGraphs":true,"m_FxEnabled":true},"in2DMode":false,"pivot":{"x":-0.03858464956283569,"y":0.8932619094848633,"z":0.4857105612754822},"rotation":{"x":0.009930195286870003,"y":0.9973217844963074,"z":-0.06671455502510071,"w":-0.018532363697886468},"size":1.0641298294067383,"orthographic":true}