{"cameraMode":{"drawMode":0,"name":"Shaded","section":"Shading Mode"},"sceneLighting":false,"audioPlay":false,"sceneViewState":{"m_AlwaysRefresh":false,"showFog":true,"showSkybox":false,"showFlares":true,"showImageEffects":true,"showParticleSystems":true,"showVisualEffectGraphs":true,"m_FxEnabled":true},"in2DMode":false,"pivot":{"x":1.4901161193847657e-8,"y":0.6419507265090942,"z":-0.030711621046066285},"rotation":{"x":0.009930195286870003,"y":0.9973217844963074,"z":-0.06671455502510071,"w":-0.018532363697886468},"size":0.8801079392433167,"orthographic":true}