{"cameraMode":{"drawMode":0,"name":"Shaded","section":"Shading Mode"},"sceneLighting":false,"audioPlay":false,"sceneViewState":{"m_AlwaysRefresh":false,"showFog":true,"showSkybox":false,"showFlares":true,"showImageEffects":true,"showParticleSystems":true,"showVisualEffectGraphs":true,"m_FxEnabled":true},"in2DMode":false,"pivot":{"x":-6.949999809265137,"y":1.1699999570846558,"z":-4.159999847412109},"rotation":{"x":0.10132746398448944,"y":0.012833579443395138,"z":-0.001230425201356411,"w":0.9948914647102356},"size":4.118907928466797,"orthographic":true}