{"cameraMode":{"drawMode":0,"name":"Shaded","section":"Shading Mode"},"sceneLighting":false,"audioPlay":false,"sceneViewState":{"m_AlwaysRefresh":false,"showFog":true,"showSkybox":false,"showFlares":true,"showImageEffects":true,"showParticleSystems":true,"showVisualEffectGraphs":true,"m_FxEnabled":true},"in2DMode":false,"pivot":{"x":131.892333984375,"y":1959.68505859375,"z":30.749862670898439},"rotation":{"x":0.2363739162683487,"y":0.07932815700769425,"z":-0.0078059593215584759,"w":0.9680665135383606},"size":219.16384887695313,"orthographic":true}