{"cameraMode":{"drawMode":0,"name":"Shaded","section":"Shading Mode"},"sceneLighting":true,"audioPlay":false,"sceneViewState":{"showFog":true,"showMaterialUpdate":false,"showSkybox":true,"showFlares":true,"showImageEffects":true,"showParticleSystems":true},"in2DMode":false,"pivot":{"x":396.73834228515627,"y":413.4560546875,"z":0.3355255126953125},"rotation":{"x":-0.016188837587833406,"y":0.010493692941963673,"z":0.0001692700752755627,"w":0.9998174905776978},"size":521.5504150390625,"orthographic":false}