{"cameraMode":{"drawMode":0,"name":"Shaded","section":"Shading Mode"},"sceneLighting":false,"audioPlay":false,"sceneViewState":{"m_AlwaysRefresh":false,"showFog":true,"showSkybox":false,"showFlares":true,"showImageEffects":true,"showParticleSystems":true,"showVisualEffectGraphs":true,"m_FxEnabled":true},"in2DMode":false,"pivot":{"x":154.0443572998047,"y":147.24510192871095,"z":-22.469802856445314},"rotation":{"x":0.00023224498727358878,"y":0.011537369340658188,"z":0.011639063246548176,"w":0.9996313452720642},"size":193.47787475585938,"orthographic":false}