{"cameraMode":{"drawMode":0,"name":"Shaded","section":"Shading Mode"},"sceneLighting":false,"audioPlay":false,"sceneViewState":{"m_AlwaysRefresh":false,"showFog":true,"showSkybox":false,"showFlares":true,"showImageEffects":true,"showParticleSystems":true,"showVisualEffectGraphs":true,"m_FxEnabled":true},"in2DMode":false,"pivot":{"x":163.23162841796876,"y":194.686279296875,"z":-25.70562744140625},"rotation":{"x":-0.061034999787807468,"y":0.02426954358816147,"z":0.013145308010280133,"w":0.9975196123123169},"size":193.47787475585938,"orthographic":false}