{"cameraMode":{"drawMode":0,"name":"Shaded","section":"Shading Mode"},"sceneLighting":true,"audioPlay":false,"sceneViewState":{"m_AlwaysRefresh":false,"showFog":true,"showSkybox":true,"showFlares":true,"showImageEffects":true,"showParticleSystems":true,"showVisualEffectGraphs":true,"m_FxEnabled":true},"in2DMode":false,"pivot":{"x":411.3837585449219,"y":418.4216003417969,"z":164.94004821777345},"rotation":{"x":0.3256957530975342,"y":0.16633328795433045,"z":-0.04605530947446823,"w":0.9293352365493774},"size":221.61700439453126,"orthographic":true}