{"cameraMode":{"drawMode":0,"name":"Shaded","section":"Shading Mode"},"sceneLighting":true,"audioPlay":false,"sceneViewState":{"m_AlwaysRefresh":false,"showFog":true,"showSkybox":true,"showFlares":true,"showImageEffects":true,"showParticleSystems":true,"showVisualEffectGraphs":true,"m_FxEnabled":true},"in2DMode":false,"pivot":{"x":1357.247802734375,"y":711.253662109375,"z":274.4827880859375},"rotation":{"x":0.24708004295825959,"y":0.07308688759803772,"z":-0.007021876517683268,"w":0.9659659266471863},"size":1025.1260986328125,"orthographic":true}