{"cameraMode":{"drawMode":0,"name":"Shaded","section":"Shading Mode"},"sceneLighting":true,"audioPlay":false,"sceneViewState":{"m_AlwaysRefresh":false,"showFog":true,"showSkybox":true,"showFlares":true,"showImageEffects":true,"showParticleSystems":true,"showVisualEffectGraphs":true,"m_FxEnabled":true},"in2DMode":false,"pivot":{"x":-5.950212478637695,"y":0.08038938045501709,"z":-3.7956960201263429},"rotation":{"x":0.6991937756538391,"y":-0.23335814476013184,"z":0.2621554136276245,"w":0.6230354309082031},"size":2.526663064956665,"orthographic":true}