{"cameraMode":{"drawMode":0,"name":"Shaded","section":"Shading Mode"},"sceneLighting":true,"audioPlay":false,"sceneViewState":{"m_AlwaysRefresh":false,"showFog":true,"showSkybox":true,"showFlares":true,"showImageEffects":true,"showParticleSystems":true,"showVisualEffectGraphs":true,"m_FxEnabled":true},"in2DMode":false,"pivot":{"x":1351.583740234375,"y":1075.301513671875,"z":-390.86456298828127},"rotation":{"x":-0.12891404330730439,"y":-0.05972735211253166,"z":0.003120677312836051,"w":0.9895821213722229},"size":625.7569580078125,"orthographic":true}