{"cameraMode":{"drawMode":0,"name":"Shaded","section":"Shading Mode"},"sceneLighting":true,"audioPlay":false,"sceneViewState":{"m_AlwaysRefresh":false,"showFog":true,"showSkybox":true,"showFlares":true,"showImageEffects":true,"showParticleSystems":true,"showVisualEffectGraphs":true,"m_FxEnabled":true},"in2DMode":false,"pivot":{"x":-8.611541748046875,"y":1.0544404983520508,"z":0.7062407732009888},"rotation":{"x":0.41912177205085757,"y":0.006153175141662359,"z":0.009442943148314953,"w":0.9076066017150879},"size":6.341685771942139,"orthographic":true}