{"cameraMode":{"drawMode":0,"name":"Shaded","section":"Shading Mode"},"sceneLighting":true,"audioPlay":false,"sceneViewState":{"m_AlwaysRefresh":false,"showFog":true,"showSkybox":true,"showFlares":true,"showImageEffects":true,"showParticleSystems":true,"showVisualEffectGraphs":true,"m_FxEnabled":true},"in2DMode":false,"pivot":{"x":-8.256916999816895,"y":21.608783721923829,"z":-8.593986511230469},"rotation":{"x":0.5541151165962219,"y":-0.12279556691646576,"z":0.09714056551456452,"w":0.8172945380210877},"size":2.4924232959747316,"orthographic":true}