{"cameraMode":{"drawMode":0,"name":"Shaded","section":"Shading Mode"},"sceneLighting":true,"audioPlay":false,"sceneViewState":{"m_AlwaysRefresh":false,"showFog":true,"showSkybox":true,"showFlares":true,"showImageEffects":true,"showParticleSystems":true,"showVisualEffectGraphs":true,"m_FxEnabled":true},"in2DMode":false,"pivot":{"x":-8.773714065551758,"y":2.7288825511932375,"z":-6.19959831237793},"rotation":{"x":0.20982137322425843,"y":0.11453583836555481,"z":-0.013150116428732872,"w":0.9705992937088013},"size":4.416635990142822,"orthographic":true}