{"cameraMode":{"drawMode":0,"name":"Shaded","section":"Shading Mode"},"sceneLighting":true,"audioPlay":false,"sceneViewState":{"m_AlwaysRefresh":false,"showFog":true,"showSkybox":true,"showFlares":true,"showImageEffects":true,"showParticleSystems":true,"showVisualEffectGraphs":true,"m_FxEnabled":true},"in2DMode":false,"pivot":{"x":82.93453979492188,"y":255.59707641601563,"z":1.951751708984375},"rotation":{"x":-0.02262026257812977,"y":-0.020205974578857423,"z":0.011135522276163102,"w":0.9992430210113525},"size":40.282352447509769,"orthographic":false}