{"cameraMode":{"drawMode":0,"name":"Shaded","section":"Shading Mode"},"sceneLighting":true,"audioPlay":false,"sceneViewState":{"m_AlwaysRefresh":false,"showFog":true,"showSkybox":true,"showFlares":true,"showImageEffects":true,"showParticleSystems":true,"showVisualEffectGraphs":true,"m_FxEnabled":true},"in2DMode":false,"pivot":{"x":-11.322930335998536,"y":12.40855598449707,"z":-14.851085662841797},"rotation":{"x":0.3230154514312744,"y":0.15285246074199677,"z":-0.041030120104551318,"w":0.9327730536460877},"size":6.293642997741699,"orthographic":true}