{"cameraMode":{"drawMode":0,"name":"Shaded","section":"Shading Mode"},"sceneLighting":false,"audioPlay":false,"sceneViewState":{"m_AlwaysRefresh":false,"showFog":true,"showSkybox":false,"showFlares":true,"showImageEffects":true,"showParticleSystems":true,"showVisualEffectGraphs":true,"m_FxEnabled":true},"in2DMode":false,"pivot":{"x":-3.032487392425537,"y":1.4460234642028809,"z":3.4471676349639894},"rotation":{"x":-0.04632129892706871,"y":-0.9529338479042053,"z":0.21082372963428498,"w":-0.21455788612365724},"size":1.6535240411758423,"orthographic":true}