{"cameraMode":{"drawMode":0,"name":"Shaded","section":"Shading Mode"},"sceneLighting":false,"audioPlay":false,"sceneViewState":{"m_AlwaysRefresh":false,"showFog":true,"showSkybox":false,"showFlares":true,"showImageEffects":true,"showParticleSystems":true,"showVisualEffectGraphs":true,"m_FxEnabled":true},"in2DMode":false,"pivot":{"x":-0.03858464956283569,"y":0.8978627920150757,"z":0.48571088910102847},"rotation":{"x":0.12120368331670761,"y":0.11915705353021622,"z":-0.01572451740503311,"w":0.9856423139572144},"size":0.8660253882408142,"orthographic":true}